{
  "model_path": "models/Qwen3-4B",
  "data_path": "data/esconv/processed",
  "split": "test",
  "num_samples": 1790,
  "metrics": {
    "bleu": 0.18245327861611982,
    "bleu_1": 3.0599763786375354,
    "bleu_2": 0.4101956902031151,
    "bleu_3": 0.059492425289073975,
    "bleu_4": 0.014840066483497847,
    "rouge_1": 6.273781056728192,
    "rouge_2": 0.9438090001385386,
    "rouge_l": 4.2778660071914905,
    "distinct_1": 3.063770652285084,
    "distinct_2": 19.257615401272908,
    "bertscore_p": 76.18717551231384,
    "bertscore_r": 83.44273567199707,
    "bertscore_f1": 79.59056496620178
  }
}