{
  "model_path": "outputs/qwen3-extes-grpo/final",
  "base_model_path": "models/Qwen3-4B",
  "sft_model_path": "outputs/qwen3-esconv-sft/final",
  "data_path": "data/esconv/processed",
  "split": "test",
  "num_samples": 1790,
  "metrics": {
    "bleu": 2.7602965513295525,
    "bleu_1": 23.132437197003085,
    "bleu_2": 4.2446543431650925,
    "bleu_3": 1.445333985210536,
    "bleu_4": 0.6076080281826702,
    "rouge_1": 22.348853132368575,
    "rouge_2": 5.940522646454899,
    "rouge_l": 18.69728476508338,
    "distinct_1": 8.210833825403238,
    "distinct_2": 32.81995590219502,
    "bertscore_p": 87.09787726402283,
    "bertscore_r": 86.46236658096313,
    "bertscore_f1": 86.76411509513855
  }
}